{"cameraMode":{"drawMode":0,"name":"Shaded","section":"Shading Mode"},"sceneLighting":false,"audioPlay":false,"sceneViewState":{"m_AlwaysRefresh":false,"showFog":true,"showSkybox":false,"showFlares":true,"showImageEffects":true,"showParticleSystems":true,"showVisualEffectGraphs":true,"m_FxEnabled":true},"in2DMode":false,"pivot":{"x":2.514796495437622,"y":4.313652038574219,"z":-11.587514877319336},"rotation":{"x":0.05644930526614189,"y":0.05841691792011261,"z":0.005873466841876507,"w":-0.997366726398468},"size":2.8118250370025636,"orthographic":false}