{"cameraMode":{"drawMode":0,"name":"Shaded","section":"Shading Mode"},"sceneLighting":false,"audioPlay":false,"sceneViewState":{"m_AlwaysRefresh":false,"showFog":true,"showSkybox":false,"showFlares":true,"showImageEffects":true,"showParticleSystems":true,"showVisualEffectGraphs":true,"m_FxEnabled":true},"in2DMode":false,"pivot":{"x":-0.09779025614261627,"y":-0.015128016471862793,"z":0.6097210049629211},"rotation":{"x":-0.19789491593837739,"y":0.0991160050034523,"z":-0.017185153439641,"w":-0.9757518768310547},"size":0.6221002340316773,"orthographic":false}