{"cameraMode":{"drawMode":0,"name":"Shaded","section":"Shading Mode"},"sceneLighting":false,"audioPlay":false,"sceneViewState":{"m_AlwaysRefresh":false,"showFog":true,"showSkybox":false,"showFlares":true,"showImageEffects":true,"showParticleSystems":true,"showVisualEffectGraphs":true,"m_FxEnabled":true},"in2DMode":false,"pivot":{"x":10.229999542236329,"y":1.5899999141693116,"z":-3.496300220489502},"rotation":{"x":-0.19298790395259858,"y":0.12403552979230881,"z":-0.021805061027407647,"w":-0.9737581014633179},"size":3.2124555110931398,"orthographic":false}