{"cameraMode":{"drawMode":0,"name":"Shaded","section":"Shading Mode"},"sceneLighting":false,"audioPlay":false,"sceneViewState":{"m_AlwaysRefresh":false,"showFog":true,"showSkybox":false,"showFlares":true,"showImageEffects":true,"showParticleSystems":true,"showVisualEffectGraphs":true,"m_FxEnabled":true},"in2DMode":false,"pivot":{"x":0.0003234446048736572,"y":0.6281498670578003,"z":0.0011442601680755616},"rotation":{"x":-0.18123503029346467,"y":0.7095045447349548,"z":-0.19240427017211915,"w":-0.6542392373085022},"size":0.6435779333114624,"orthographic":false}